participant	tier	group	is_coassembly	redundant_count	total_count	redundant_pct	redundant_bp	total_bp	redundant_bp_pct
p110	contigs	mh_p110	TRUE	28184	50096	56.3	251528945	308974220	81.4
p110	contigs	spaS222	FALSE	11250	25122	44.8	120118755	165098114	72.8
p110	contigs	spaS223	FALSE	8599	31297	27.5	89876513	159931457	56.2
p110	contigs	spaS30	FALSE	14593	36599	39.9	129803125	194693070	66.7
p110	contigs	spaS37	FALSE	13833	30937	44.7	128435065	179782729	71.4
p125	contigs	mh_p125	TRUE	22176	46024	48.2	223034019	289674807	77
p125	contigs	spaS102	FALSE	6388	16675	38.3	77797681	108558551	71.7
p125	contigs	spaS104	FALSE	8598	14568	59	88456025	108712811	81.4
p125	contigs	spaS15	FALSE	7925	22874	34.6	59183110	97958162	60.4
p125	contigs	spaS19	FALSE	10201	21855	46.7	111212469	148616140	74.8
p125	contigs	spaS22	FALSE	4987	13696	36.4	45261166	66367636	68.2
p125	contigs	spaS40	FALSE	5806	14993	38.7	47806730	73376141	65.2
p125	contigs	spaS44	FALSE	6886	20348	33.8	63478029	105598417	60.1
p125	contigs	spaS51	FALSE	5483	12990	42.2	51754116	70376332	73.5
p125	contigs	spaS74	FALSE	8805	19317	45.6	89956074	124500337	72.3
p142	contigs	spaS257	FALSE	19107	46340	41.2	178368227	248688627	71.7
p142	contigs	spaS258	FALSE	18120	47522	38.1	144347640	226587781	63.7
p142	contigs	spaS259	FALSE	16338	40253	40.6	156168361	218315029	71.5
p142	contigs	spaS267	FALSE	15869	43783	36.2	124244667	209724070	59.2
p142	contigs	spaS268	FALSE	22430	52008	43.1	189001629	264544632	71.4
p142	contigs	spaS269	FALSE	20529	46443	44.2	165593146	231860087	71.4
p142	contigs	spaS282	FALSE	17731	40314	44	168417781	235257638	71.6
p151	contigs	spaS103	FALSE	1970	4757	41.4	30209196	38117523	79.3
p151	contigs	spaS107	FALSE	2255	4503	50.1	35072985	43379585	80.9
p151	contigs	spaS118	FALSE	6113	18237	33.5	78577244	115350797	68.1
p151	contigs	spaS149	FALSE	7310	21570	33.9	88561359	125204892	70.7
p151	contigs	spaS154	FALSE	5904	21416	27.6	60400063	100576149	60.1
p151	contigs	spaS184	FALSE	9598	31748	30.2	107403031	180908779	59.4
p151	contigs	spaS215	FALSE	8502	57435	14.8	75872339	236988310	32
p151	contigs	spaS98	FALSE	3279	9503	34.5	42791859	60009885	71.3
p292	contigs	mh_p292	TRUE	37462	75275	49.8	332084567	436838241	76
p292	contigs	spaS12	FALSE	8290	22115	37.5	82947734	124478075	66.6
p292	contigs	spaS130	FALSE	19296	42671	45.2	156860411	230813889	68
p292	contigs	spaS20	FALSE	5190	15449	33.6	49177183	77227416	63.7
p292	contigs	spaS225	FALSE	6138	12121	50.6	57288937	73914005	77.5
p292	contigs	spaS228	FALSE	5831	18345	31.8	51278838	79074233	64.8
p292	contigs	spaS23	FALSE	5882	18142	32.4	66202347	102028573	64.9
p292	contigs	spaS232	FALSE	4911	10740	45.7	47227946	65811427	71.8
p292	contigs	spaS39	FALSE	4393	11227	39.1	42982946	61523655	69.9
p292	contigs	spaS49	FALSE	5575	15264	36.5	49566377	75609828	65.6
p292	contigs	spaS55	FALSE	9798	23790	41.2	96098004	135963714	70.7
p292	contigs	spaS7	FALSE	7034	20768	33.9	81461887	116626410	69.8
p292	contigs	spaS97	FALSE	12223	27640	44.2	96825731	140851351	68.7
p292	contigs	spaS99	FALSE	8458	22676	37.3	82513209	121553266	67.9
p341	contigs	mh_p341	TRUE	31370	54307	57.8	239770396	303364392	79
p341	contigs	spaS260	FALSE	5702	12346	46.2	57478968	74840875	76.8
p341	contigs	spaS261	FALSE	7790	14632	53.2	71732812	95307898	75.3
p341	contigs	spaS262	FALSE	8326	20076	41.5	69075313	99433655	69.5
p341	contigs	spaS263	FALSE	6988	12708	55	70801619	92753149	76.3
p341	contigs	spaS270	FALSE	6844	15128	45.2	76563609	97650131	78.4
p341	contigs	spaS271	FALSE	6707	15480	43.3	74074748	98932039	74.9
p341	contigs	spaS272	FALSE	8350	21556	38.7	101127705	148323635	68.2
p341	contigs	spaS273	FALSE	9011	20296	44.4	92966684	121644397	76.4
p341	contigs	spaS274	FALSE	7064	16547	42.7	81275033	116012561	70.1
p341	contigs	spaS298	FALSE	12288	25861	47.5	98033556	137502466	71.3
p373	contigs	spaS171	FALSE	6425	15825	40.6	74074654	99175165	74.7
p373	contigs	spaS177	FALSE	6632	13912	47.7	74100893	93426800	79.3
p373	contigs	spaS185	FALSE	4307	10387	41.5	65954018	91841822	71.8
p373	contigs	spaS202	FALSE	8863	22488	39.4	103125388	141551299	72.9
p373	contigs	spaS205	FALSE	6273	16609	37.8	93641506	124316894	75.3
p373	contigs	spaS207	FALSE	6787	21778	31.2	83034845	125874135	66
p373	contigs	spaS209	FALSE	8209	21585	38	96006816	139322521	68.9
p373	contigs	spaS212	FALSE	7008	23701	29.6	75840445	131256146	57.8
p373	contigs	spaS214	FALSE	8695	32755	26.5	90037987	168687678	53.4
p398	contigs	mh_p398	TRUE	20562	38611	53.3	185043047	237235129	78
p398	contigs	spaS155	FALSE	5397	11444	47.2	44514198	65854335	67.6
p398	contigs	spaS167	FALSE	4981	15493	32.2	60199043	90173987	66.8
p398	contigs	spaS172	FALSE	4689	13432	34.9	56591370	79780115	70.9
p398	contigs	spaS191	FALSE	5973	15713	38	74008700	102583010	72.1
p398	contigs	spaS200	FALSE	5097	13893	36.7	67746478	99920531	67.8
p398	contigs	spaS203	FALSE	7517	15293	49.2	85478463	115477071	74
p398	contigs	spaS208	FALSE	9376	19374	48.4	98040420	131917337	74.3
p398	contigs	spaS218	FALSE	6619	15354	43.1	59100421	83935933	70.4
p408	contigs	mh_p408	TRUE	14731	34197	43.1	174646115	226008761	77.3
p408	contigs	spaS109	FALSE	4466	12791	34.9	54121843	77597015	69.7
p408	contigs	spaS114	FALSE	6513	16881	38.6	82069916	114924156	71.4
p408	contigs	spaS119	FALSE	6693	17695	37.8	84301872	126101937	66.9
p408	contigs	spaS126	FALSE	8069	18766	43	100187206	130077324	77
p408	contigs	spaS135	FALSE	8761	22957	38.2	101201892	142455800	71
p408	contigs	spaS141	FALSE	7999	18255	43.8	81809523	111992244	73
p408	contigs	spaS150	FALSE	6582	16749	39.3	75219632	106689624	70.5
p431	contigs	spaS10	FALSE	9068	17899	50.7	83942943	107031339	78.4
p431	contigs	spaS100	FALSE	8365	15396	54.3	69794394	87811115	79.5
p431	contigs	spaS110	FALSE	7211	14020	51.4	59327796	76404381	77.6
p431	contigs	spaS115	FALSE	13979	29029	48.2	103624974	142792882	72.6
p431	contigs	spaS123	FALSE	14371	26757	53.7	120873936	158743787	76.1
p431	contigs	spaS127	FALSE	17804	35088	50.7	125677926	167454234	75.1
p431	contigs	spaS142	FALSE	13634	28205	48.3	97541991	139397063	70
p431	contigs	spaS156	FALSE	12604	24586	51.3	121214270	153698647	78.9
p431	contigs	spaS158	FALSE	12955	25935	50	109720570	143618917	76.4
p431	contigs	spaS16	FALSE	11129	22564	49.3	103329837	135288248	76.4
p431	contigs	spaS186	FALSE	16896	36147	46.7	128641556	169678737	75.8
p431	contigs	spaS2	FALSE	7418	13068	56.8	63012514	78821546	79.9
p431	contigs	spaS204	FALSE	12955	27397	47.3	99838609	137068957	72.8
p431	contigs	spaS210	FALSE	16142	32296	50	122658657	168454289	72.8
p431	contigs	spaS211	FALSE	17462	37692	46.3	126369562	178180956	70.9
p431	contigs	spaS226	FALSE	9242	18208	50.8	80724068	100795755	80.1
p431	contigs	spaS229	FALSE	8434	17714	47.6	71956305	93539586	76.9
p431	contigs	spaS233	FALSE	11646	21892	53.2	89479287	115064456	77.8
p431	contigs	spaS236	FALSE	9665	19250	50.2	79508169	101904628	78
p431	contigs	spaS238	FALSE	9191	18220	50.4	80756314	102169766	79
p431	contigs	spaS242	FALSE	6276	12749	49.2	54451667	69471387	78.4
p431	contigs	spaS243	FALSE	13337	29027	45.9	93992675	133902141	70.2
p431	contigs	spaS244	FALSE	9014	19487	46.3	84698667	115545197	73.3
p431	contigs	spaS26	FALSE	10175	21327	47.7	92511411	120369828	76.9
p431	contigs	spaS3	FALSE	13034	28451	45.8	96780410	139191105	69.5
p431	contigs	spaS65	FALSE	14033	26926	52.1	114475040	146390015	78.2
p431	contigs	spaS66	FALSE	13052	26401	49.4	93430676	126271761	74
p431	contigs	spaS70	FALSE	10115	21569	46.9	72080726	98225372	73.4
p431	contigs	spaS77	FALSE	10932	23508	46.5	93554726	127661331	73.3
p431	contigs	spaS78	FALSE	15706	30651	51.2	128655023	167418395	76.8
p431	contigs	spaS81	FALSE	13852	25446	54.4	110761411	142091069	78
p431	contigs	spaS83	FALSE	11208	21962	51	82693259	108578916	76.2
p431	contigs	spaS96	FALSE	10094	18123	55.7	80139721	99492688	80.5
p470	contigs	mh_p470	TRUE	23324	47858	48.7	199896502	269063527	74.3
p470	contigs	spaS120	FALSE	5246	10345	50.7	48865720	64429456	75.8
p470	contigs	spaS13	FALSE	5037	14540	34.6	55851798	80964390	69
p470	contigs	spaS14	FALSE	8697	23180	37.5	72963963	110320742	66.1
p470	contigs	spaS143	FALSE	5315	16502	32.2	51542562	78517017	65.6
p470	contigs	spaS151	FALSE	5642	12132	46.5	56062071	74433156	75.3
p470	contigs	spaS17	FALSE	7836	17897	43.8	68888237	102464889	67.2
p470	contigs	spaS21	FALSE	5997	15830	37.9	58689169	84725082	69.3
p470	contigs	spaS230	FALSE	8303	16350	50.8	85370915	115660141	73.8
p470	contigs	spaS234	FALSE	7364	17612	41.8	71384224	102566963	69.6
p470	contigs	spaS38	FALSE	8331	18224	45.7	74920763	101898077	73.5
p470	contigs	spaS45	FALSE	6305	19149	32.9	55941623	86884352	64.4
p470	contigs	spaS56	FALSE	4340	9853	44	35709155	50321695	71
p470	contigs	spaS60	FALSE	4697	11115	42.3	58527377	78782371	74.3
p470	contigs	spaS64	FALSE	4824	9152	52.7	51562201	67386701	76.5
p470	contigs	spaS8	FALSE	5258	17649	29.8	52279217	86017886	60.8
p523	contigs	mh_p523	TRUE	33867	69642	48.6	337066292	426719109	79
p523	contigs	spaS231	FALSE	16619	42962	38.7	135060891	215162726	62.8
p523	contigs	spaS237	FALSE	11596	36543	31.7	88526289	149636155	59.2
p523	contigs	spaS239	FALSE	9111	28582	31.9	71205270	116858149	60.9
p523	contigs	spaS245	FALSE	8905	19727	45.1	72009505	98239124	73.3
p523	contigs	spaS32	FALSE	15024	41758	36	133231735	212399126	62.7
p523	contigs	spaS5	FALSE	16365	38527	42.5	145793485	215260128	67.7
p523	contigs	spaS50	FALSE	12344	35574	34.7	110592758	172135409	64.2
p523	contigs	spaS52	FALSE	17954	43273	41.5	149802215	220395563	68
p523	contigs	spaS67	FALSE	9751	27880	35	94661008	135863143	69.7
p550	contigs	mh_p550	TRUE	28432	48151	59	218984182	278352998	78.7
p550	contigs	spaS254	FALSE	14631	26326	55.6	134648346	166894591	80.7
p550	contigs	spaS255	FALSE	3879	11989	32.4	39995702	62620462	63.9
p550	contigs	spaS256	FALSE	9252	19769	46.8	96729588	136452093	70.9
p550	contigs	spaS33	FALSE	6194	12550	49.4	59535366	74983807	79.4
p550	contigs	spaS47	FALSE	6930	14669	47.2	49671141	73402384	67.7
p550	contigs	spaS53	FALSE	7628	25724	29.7	72366934	122172420	59.2
p550	contigs	spaS58	FALSE	9089	25726	35.3	62833028	109674034	57.3
p584	contigs	mh_p584	TRUE	20498	41279	49.7	193167570	253885269	76.1
p584	contigs	spaS264	FALSE	8217	18360	44.8	82921420	118468125	70
p584	contigs	spaS265	FALSE	2752	6547	42	17738038	28130263	63.1
p584	contigs	spaS266	FALSE	9047	23758	38.1	111494570	155826833	71.6
p584	contigs	spaS275	FALSE	10090	25158	40.1	89371049	132281958	67.6
p584	contigs	spaS276	FALSE	8538	19292	44.3	97593030	132401978	73.7
p584	contigs	spaS277	FALSE	9956	23516	42.3	108340047	154596113	70.1
p601	contigs	mh_p601	TRUE	28906	58421	49.5	296480182	380998204	77.8
p601	contigs	spaS108	FALSE	7368	16242	45.4	76575018	102552532	74.7
p601	contigs	spaS116	FALSE	5551	13545	41	62365258	85000191	73.4
p601	contigs	spaS124	FALSE	6788	16887	40.2	93641495	124327944	75.3
p601	contigs	spaS131	FALSE	5835	15246	38.3	60299000	85437760	70.6
p601	contigs	spaS140	FALSE	9770	25346	38.5	78163262	117688544	66.4
p601	contigs	spaS144	FALSE	7923	21400	37	69848416	104563687	66.8
p601	contigs	spaS159	FALSE	7320	16900	43.3	86314672	113391671	76.1
p601	contigs	spaS161	FALSE	9677	23948	40.4	92667471	133423257	69.5
p601	contigs	spaS164	FALSE	8062	19174	42	86441701	123163611	70.2
p601	contigs	spaS168	FALSE	9864	22394	44	107447325	156934755	68.5
p601	contigs	spaS178	FALSE	10322	26247	39.3	95434203	143568612	66.5
p601	contigs	spaS219	FALSE	11291	22924	49.3	84460644	114842810	73.5
p601	contigs	spaS6	FALSE	7983	22962	34.8	71955901	116265674	61.9
p644	contigs	mh_p644	TRUE	20379	41788	48.8	239308727	298569547	80.2
p644	contigs	spaS101	FALSE	3570	8791	40.6	40609117	57735730	70.3
p644	contigs	spaS105	FALSE	5940	20869	28.5	43176714	77197733	55.9
p644	contigs	spaS112	FALSE	4143	10183	40.7	45640674	64482775	70.8
p644	contigs	spaS145	FALSE	6989	25799	27.1	68906567	123714884	55.7
p644	contigs	spaS152	FALSE	6242	18022	34.6	79705581	119831055	66.5
p644	contigs	spaS173	FALSE	12644	31055	40.7	104358536	156914343	66.5
p644	contigs	spaS179	FALSE	8442	27797	30.4	87146547	132899398	65.6
p644	contigs	spaS182	FALSE	6965	18686	37.3	77848664	112609944	69.1
p644	contigs	spaS246	FALSE	3960	11395	34.8	40353526	58897703	68.5
p644	contigs	spaS80	FALSE	6851	19762	34.7	65495066	95823485	68.3
p644	contigs	spaS84	FALSE	4671	14696	31.8	50340371	75231297	66.9
p644	contigs	spaS86	FALSE	5002	13786	36.3	45836965	69024722	66.4
p644	contigs	spaS87	FALSE	6279	13733	45.7	50480264	68072357	74.2
p644	contigs	spaS94	FALSE	6224	15150	41.1	82725068	112044196	73.8
p654	contigs	spaS278	FALSE	5709	14575	39.2	92518346	121080375	76.4
p654	contigs	spaS279	FALSE	6232	19523	31.9	74271735	114774593	64.7
p654	contigs	spaS280	FALSE	6452	15671	41.2	87184279	114997846	75.8
p654	contigs	spaS281	FALSE	7826	18530	42.2	76868374	112924513	68.1
p654	contigs	spaS283	FALSE	6182	18749	33	61457945	94650507	64.9
p654	contigs	spaS284	FALSE	7274	19158	38	103030558	143182368	72
p654	contigs	spaS285	FALSE	5750	22698	25.3	56092382	122565181	45.8
p722	contigs	mh_p722	TRUE	36280	62599	58	272317774	357329850	76.2
p722	contigs	spaS132	FALSE	5705	12715	44.9	71724063	95618329	75
p722	contigs	spaS136	FALSE	4284	12781	33.5	50205961	82345518	61
p722	contigs	spaS147	FALSE	5085	12364	41.1	66669060	90694706	73.5
p722	contigs	spaS192	FALSE	9618	23028	41.8	97202421	134545261	72.2
p722	contigs	spaS240	FALSE	14022	30362	46.2	74642600	113805382	65.6
p722	contigs	spaS241	FALSE	5731	12251	46.8	70880708	89154784	79.5
p722	contigs	spaS85	FALSE	8757	18290	47.9	98454272	127003088	77.5
p722	contigs	spaS92	FALSE	4636	9045	51.3	58154284	71317012	81.5
p728	contigs	mh_p728	TRUE	22312	39698	56.2	233147604	299773510	77.8
p728	contigs	spaS111	FALSE	3676	9620	38.2	54675094	71260489	76.7
p728	contigs	spaS117	FALSE	3602	9381	38.4	57341357	76905012	74.6
p728	contigs	spaS121	FALSE	4195	10051	41.7	75048638	95803303	78.3
p728	contigs	spaS128	FALSE	3768	9990	37.7	40257344	60119892	67
p728	contigs	spaS137	FALSE	5022	13044	38.5	68703577	90776135	75.7
p728	contigs	spaS146	FALSE	6361	13605	46.8	102757976	126684810	81.1
p728	contigs	spaS160	FALSE	5046	12903	39.1	82422866	107367252	76.8
p728	contigs	spaS162	FALSE	4135	7897	52.4	68357451	79373911	86.1
p728	contigs	spaS165	FALSE	5209	14794	35.2	62405614	87345646	71.4
p728	contigs	spaS187	FALSE	6952	14987	46.4	72158596	100479248	71.8
p728	contigs	spaS193	FALSE	8100	14616	55.4	83475139	106994592	78
p728	contigs	spaS196	FALSE	7758	27087	28.6	90262080	133285821	67.7
p728	contigs	spaS198	FALSE	6834	15252	44.8	75738909	102757407	73.7
p729	contigs	spaS106	FALSE	2609	6241	41.8	30079814	39427532	76.3
p729	contigs	spaS122	FALSE	7024	16277	43.2	96401706	126400480	76.3
p729	contigs	spaS129	FALSE	3844	9711	39.6	36280991	53587688	67.7
p729	contigs	spaS133	FALSE	5852	14695	39.8	69817364	94817219	73.6
p729	contigs	spaS138	FALSE	8148	21371	38.1	81393280	116086451	70.1
p729	contigs	spaS148	FALSE	7519	20932	35.9	74773498	119459625	62.6
p729	contigs	spaS180	FALSE	8940	23204	38.5	90235342	133232168	67.7
p729	contigs	spaS183	FALSE	9315	23742	39.2	111047243	144078047	77.1
p729	contigs	spaS216	FALSE	14636	42988	34	108479566	180018826	60.3
p729	contigs	spaS221	FALSE	14529	43928	33.1	112389002	188086502	59.8
p729	contigs	spaS247	FALSE	1288	4846	26.6	13680512	23018975	59.4
p789	contigs	mh_p789	TRUE	64198	118983	54	506477265	646049028	78.4
p789	contigs	spaS286	FALSE	21748	49340	44.1	188772992	280912627	67.2
p789	contigs	spaS287	FALSE	23686	59717	39.7	188288140	287286783	65.5
p789	contigs	spaS294	FALSE	23264	62222	37.4	202818348	313956442	64.6
p789	contigs	spaS295	FALSE	28236	71784	39.3	208944799	334650292	62.4
p789	contigs	spaS296	FALSE	27924	74906	37.3	239037140	360664998	66.3
p789	contigs	spaS297	FALSE	27812	69489	40	217739687	338489765	64.3
p789	contigs	spaS300	FALSE	21289	52843	40.3	127287260	203785543	62.5
p813	contigs	mh_p813	TRUE	57323	121956	47	507416573	662986215	76.5
p813	contigs	spaS11	FALSE	4643	11265	41.2	42316149	56407476	75
p813	contigs	spaS113	FALSE	18346	40850	44.9	137310879	196265689	70
p813	contigs	spaS134	FALSE	12037	26014	46.3	91240024	122798015	74.3
p813	contigs	spaS153	FALSE	16836	32610	51.6	130702470	172910374	75.6
p813	contigs	spaS169	FALSE	23811	51935	45.8	140326375	215642043	65.1
p813	contigs	spaS174	FALSE	21242	45283	46.9	138667770	198452327	69.9
p813	contigs	spaS18	FALSE	9118	20052	45.5	97875373	126432221	77.4
p813	contigs	spaS188	FALSE	18869	44896	42	119921593	186717550	64.2
p813	contigs	spaS194	FALSE	26828	53685	50	183136896	252886459	72.4
p813	contigs	spaS224	FALSE	6312	13097	48.2	54508281	75527126	72.2
p813	contigs	spaS227	FALSE	6254	15552	40.2	53415465	80470960	66.4
p813	contigs	spaS235	FALSE	5879	14133	41.6	48376598	69575878	69.5
p813	contigs	spaS24	FALSE	8663	19480	44.5	72515105	101997438	71.1
p813	contigs	spaS248	FALSE	12543	26177	47.9	107590625	145072937	74.2
p813	contigs	spaS249	FALSE	13450	28174	47.7	95539737	131295785	72.8
p813	contigs	spaS27	FALSE	8067	16028	50.3	82505676	102694089	80.3
p813	contigs	spaS34	FALSE	11869	24157	49.1	116873641	147826662	79.1
p813	contigs	spaS4	FALSE	9676	17786	54.4	76122820	96224770	79.1
p813	contigs	spaS42	FALSE	11941	24162	49.4	92588511	125188651	74
p813	contigs	spaS48	FALSE	12092	22841	52.9	121961450	157723203	77.3
p813	contigs	spaS54	FALSE	10533	22083	47.7	86227734	116559293	74
p813	contigs	spaS57	FALSE	7772	13046	59.6	77823925	92944273	83.7
p813	contigs	spaS59	FALSE	13227	27061	48.9	122616419	157295626	78
p813	contigs	spaS61	FALSE	16978	34162	49.7	129650399	180870530	71.7
p813	contigs	spaS63	FALSE	9081	18269	49.7	98501243	122005599	80.7
p813	contigs	spaS68	FALSE	12699	23638	53.7	138463283	169057135	81.9
p813	contigs	spaS69	FALSE	15125	30171	50.1	124857132	169186374	73.8
p813	contigs	spaS71	FALSE	17421	35586	49	124448459	173256318	71.8
p813	contigs	spaS72	FALSE	10227	19118	53.5	100196164	125765851	79.7
p813	contigs	spaS73	FALSE	15397	31307	49.2	146363504	194241253	75.4
p813	contigs	spaS75	FALSE	9420	16341	57.6	83334578	100659758	82.8
p813	contigs	spaS79	FALSE	15928	32994	48.3	127835808	177996913	71.8
p813	contigs	spaS88	FALSE	18475	37818	48.9	151157788	203153632	74.4
p813	contigs	spaS89	FALSE	19146	38305	50	161201469	212632468	75.8
p813	contigs	spaS9	FALSE	5647	13129	43	48847053	68742334	71.1
p860	contigs	mh_p860	TRUE	27148	53968	50.3	257456019	334950919	76.9
p860	contigs	spaS163	FALSE	5901	16238	36.3	66581831	91766787	72.6
p860	contigs	spaS166	FALSE	6478	17341	37.4	61110797	93772112	65.2
p860	contigs	spaS170	FALSE	6146	14368	42.8	84644713	108792400	77.8
p860	contigs	spaS175	FALSE	5622	15143	37.1	71855293	98627373	72.9
p860	contigs	spaS195	FALSE	5637	19142	29.4	48557859	79892393	60.8
p860	contigs	spaS199	FALSE	9363	24373	38.4	118136830	161231880	73.3
p860	contigs	spaS201	FALSE	9602	25654	37.4	109995773	164463044	66.9
p860	contigs	spaS206	FALSE	12988	31248	41.6	114301589	168250241	67.9
p860	contigs	spaS213	FALSE	9095	24546	37.1	99880046	144249960	69.2
p860	contigs	spaS217	FALSE	7999	25483	31.4	86879984	133153487	65.2
p860	contigs	spaS220	FALSE	12386	25281	49	116920296	154909198	75.5
p894	contigs	mh_p894	TRUE	30293	54200	55.9	253885250	319049931	79.6
p894	contigs	spaS139	FALSE	11872	30889	38.4	88188971	136676100	64.5
p894	contigs	spaS157	FALSE	6325	20724	30.5	66738850	101828080	65.5
p894	contigs	spaS176	FALSE	8781	23511	37.3	76576844	119504095	64.1
p894	contigs	spaS197	FALSE	10144	26236	38.7	85778590	127245596	67.4
p894	contigs	spaS95	FALSE	8433	13247	63.7	73064779	90554620	80.7
p97	contigs	mh_p97	TRUE	18810	34530	54.5	208122033	256838240	81
p97	contigs	spaS25	FALSE	5578	17717	31.5	73338004	116010423	63.2
p97	contigs	spaS250	FALSE	8131	17527	46.4	115365243	143609003	80.3
p97	contigs	spaS251	FALSE	10590	24690	42.9	120872787	164028738	73.7
p97	contigs	spaS252	FALSE	10067	22969	43.8	116472881	155725825	74.8
p97	contigs	spaS253	FALSE	9102	20412	44.6	103526916	142683319	72.6
p97	contigs	spaS29	FALSE	7651	22126	34.6	86356816	133501683	64.7
p97	contigs	spaS35	FALSE	7026	20520	34.2	73937733	109799394	67.3
p97	contigs	spaS43	FALSE	3579	11122	32.2	50075215	70775992	70.8
p110	orfs	mh_p110	TRUE	273794	314810	87	83451497	90844618	91.9
p110	orfs	spaS222	FALSE	158649	163177	97.2	48238980	48858148	98.7
p110	orfs	spaS223	FALSE	150514	162607	92.6	44892552	47338000	94.8
p110	orfs	spaS30	FALSE	193274	199708	96.8	56569703	57367291	98.6
p110	orfs	spaS37	FALSE	177549	182577	97.2	52291987	52944801	98.8
p125	orfs	mh_p125	TRUE	255995	294438	86.9	77491835	85237848	90.9
p125	orfs	spaS102	FALSE	98853	109891	90	29269863	31788903	92.1
p125	orfs	spaS104	FALSE	105447	108339	97.3	31400101	31814704	98.7
p125	orfs	spaS15	FALSE	101690	104172	97.6	28654285	28963558	98.9
p125	orfs	spaS19	FALSE	143685	147202	97.6	43474187	43934697	99
p125	orfs	spaS22	FALSE	66143	70465	93.9	18548495	19353980	95.8
p125	orfs	spaS40	FALSE	77135	78521	98.2	21376280	21536472	99.3
p125	orfs	spaS44	FALSE	102667	108775	94.4	30038927	31150280	96.4
p125	orfs	spaS51	FALSE	72810	74071	98.3	20415204	20573346	99.2
p125	orfs	spaS74	FALSE	121873	124912	97.6	36317644	36738037	98.9
p142	orfs	spaS257	FALSE	205046	251592	81.5	62601024	73558242	85.1
p142	orfs	spaS258	FALSE	212749	233993	90.9	62627026	67156366	93.3
p142	orfs	spaS259	FALSE	208611	220792	94.5	62282075	64749901	96.2
p142	orfs	spaS267	FALSE	185384	216682	85.6	54712091	61979134	88.3
p142	orfs	spaS268	FALSE	244517	273315	89.5	71922171	78337430	91.8
p142	orfs	spaS269	FALSE	230029	239475	96.1	67058116	68556770	97.8
p142	orfs	spaS282	FALSE	208956	237983	87.8	62466923	69407193	90
p151	orfs	spaS103	FALSE	35251	38572	91.4	10525764	11206708	93.9
p151	orfs	spaS107	FALSE	41213	42634	96.7	12471823	12708461	98.1
p151	orfs	spaS118	FALSE	104177	113966	91.4	32276136	34195027	94.4
p151	orfs	spaS149	FALSE	117532	126814	92.7	35275643	36986293	95.4
p151	orfs	spaS154	FALSE	96751	105201	92	28147290	29678403	94.8
p151	orfs	spaS184	FALSE	136214	182173	74.8	41739559	53653713	77.8
p151	orfs	spaS215	FALSE	113971	252695	45.1	34023975	70051783	48.6
p151	orfs	spaS98	FALSE	51908	61569	84.3	15455767	17500599	88.3
p292	orfs	mh_p292	TRUE	394839	449018	87.9	118227853	128632116	91.9
p292	orfs	spaS12	FALSE	121250	123561	98.1	36481251	36761068	99.2
p292	orfs	spaS130	FALSE	221619	231588	95.7	66949408	68356139	97.9
p292	orfs	spaS20	FALSE	79049	80292	98.5	22651016	22780936	99.4
p292	orfs	spaS225	FALSE	74286	75811	98	21447933	21631877	99.1
p292	orfs	spaS228	FALSE	73390	84837	86.5	20778513	23165823	89.7
p292	orfs	spaS23	FALSE	87513	106740	82	25046675	29500476	84.9
p292	orfs	spaS232	FALSE	66162	67519	98	19043616	19223598	99.1
p292	orfs	spaS39	FALSE	62509	63610	98.3	17865627	18008410	99.2
p292	orfs	spaS49	FALSE	77599	79134	98.1	21894145	22058646	99.3
p292	orfs	spaS55	FALSE	133740	137046	97.6	39679855	40085287	99
p292	orfs	spaS7	FALSE	113037	119094	94.9	33141897	34441275	96.2
p292	orfs	spaS97	FALSE	143320	147394	97.2	40892054	41402101	98.8
p292	orfs	spaS99	FALSE	123499	126231	97.8	35445882	35741841	99.2
p341	orfs	mh_p341	TRUE	278430	310629	89.6	82598683	88656891	93.2
p341	orfs	spaS260	FALSE	71108	73127	97.2	21242927	21478560	98.9
p341	orfs	spaS261	FALSE	93725	95812	97.8	27641631	27937322	98.9
p341	orfs	spaS262	FALSE	90357	101858	88.7	26540498	29234901	90.8
p341	orfs	spaS263	FALSE	90664	92401	98.1	27016294	27269812	99.1
p341	orfs	spaS270	FALSE	97606	99325	98.3	28496323	28711020	99.3
p341	orfs	spaS271	FALSE	98029	100196	97.8	28755900	29061234	98.9
p341	orfs	spaS272	FALSE	132103	147195	89.7	39749554	43495028	91.4
p341	orfs	spaS273	FALSE	121058	123166	98.3	35523296	35762652	99.3
p341	orfs	spaS274	FALSE	108228	115277	93.9	32623680	34229809	95.3
p341	orfs	spaS298	FALSE	135411	141444	95.7	39742763	40661132	97.7
p373	orfs	spaS171	FALSE	83953	99691	84.2	25561904	29213518	87.5
p373	orfs	spaS177	FALSE	86482	93491	92.5	26047769	27519549	94.7
p373	orfs	spaS185	FALSE	78519	89962	87.3	24014281	26914743	89.2
p373	orfs	spaS202	FALSE	129348	143257	90.3	38510008	41499539	92.8
p373	orfs	spaS205	FALSE	116914	122487	95.5	35517298	36517392	97.3
p373	orfs	spaS207	FALSE	119425	127700	93.5	35453721	37011880	95.8
p373	orfs	spaS209	FALSE	129184	140485	92	38843379	41031720	94.7
p373	orfs	spaS212	FALSE	116947	133719	87.5	34815361	38756791	89.8
p373	orfs	spaS214	FALSE	129590	173793	74.6	38757337	49809559	77.8
p398	orfs	mh_p398	TRUE	218961	244843	89.4	64597987	69777916	92.6
p398	orfs	spaS155	FALSE	65398	67983	96.2	18909181	19274942	98.1
p398	orfs	spaS167	FALSE	86818	93244	93.1	25297637	26574862	95.2
p398	orfs	spaS172	FALSE	81255	82709	98.2	23368968	23519692	99.4
p398	orfs	spaS191	FALSE	102878	104760	98.2	29998383	30206407	99.3
p398	orfs	spaS200	FALSE	96324	99819	96.5	28786758	29416479	97.9
p398	orfs	spaS203	FALSE	111221	113077	98.4	33751554	33971838	99.4
p398	orfs	spaS208	FALSE	128318	132127	97.1	38237658	38779376	98.6
p398	orfs	spaS218	FALSE	82151	86100	95.4	24204927	24775591	97.7
p408	orfs	mh_p408	TRUE	195125	230727	84.6	59298146	66353073	89.4
p408	orfs	spaS109	FALSE	78948	80677	97.9	22555016	22769228	99.1
p408	orfs	spaS114	FALSE	112327	114320	98.3	33738271	33979828	99.3
p408	orfs	spaS119	FALSE	122180	125353	97.5	36774391	37235152	98.8
p408	orfs	spaS126	FALSE	127022	129293	98.2	38138015	38401389	99.3
p408	orfs	spaS135	FALSE	140882	143610	98.1	41779549	42097623	99.2
p408	orfs	spaS141	FALSE	110524	113080	97.7	32629248	32956139	99
p408	orfs	spaS150	FALSE	104691	107002	97.8	31173314	31464123	99.1
p431	orfs	spaS10	FALSE	106268	108595	97.9	31308886	31647727	98.9
p431	orfs	spaS100	FALSE	88516	91371	96.9	25374142	25845259	98.2
p431	orfs	spaS110	FALSE	77294	80677	95.8	21910714	22480106	97.5
p431	orfs	spaS115	FALSE	143225	148763	96.3	41232189	42285888	97.5
p431	orfs	spaS123	FALSE	157330	161180	97.6	46220484	46879443	98.6
p431	orfs	spaS127	FALSE	171079	177193	96.5	48700947	49637157	98.1
p431	orfs	spaS142	FALSE	139521	146142	95.5	40057545	41276347	97
p431	orfs	spaS156	FALSE	150088	156074	96.2	44550591	45528320	97.9
p431	orfs	spaS158	FALSE	142897	148147	96.5	41634959	42465556	98
p431	orfs	spaS16	FALSE	126714	138396	91.6	37501842	40021612	93.7
p431	orfs	spaS186	FALSE	168880	179301	94.2	48215389	50210076	96
p431	orfs	spaS2	FALSE	80299	81871	98.1	22782155	23021911	99
p431	orfs	spaS204	FALSE	138792	142345	97.5	40115968	40606335	98.8
p431	orfs	spaS210	FALSE	165811	174525	95	48124401	49893937	96.5
p431	orfs	spaS211	FALSE	173271	188199	92.1	49689008	52772731	94.2
p431	orfs	spaS226	FALSE	100392	103312	97.2	29434683	29872785	98.5
p431	orfs	spaS229	FALSE	94128	96289	97.8	27420950	27711106	99
p431	orfs	spaS233	FALSE	116146	119452	97.2	33485497	34001269	98.5
p431	orfs	spaS236	FALSE	101964	104988	97.1	29714166	30188618	98.4
p431	orfs	spaS238	FALSE	99326	104623	94.9	29201778	30257991	96.5
p431	orfs	spaS242	FALSE	70949	73071	97.1	19912890	20256927	98.3
p431	orfs	spaS243	FALSE	136697	140881	97	38614904	39251867	98.4
p431	orfs	spaS244	FALSE	114143	117054	97.5	33708658	34128519	98.8
p431	orfs	spaS26	FALSE	114568	123679	92.6	33772731	35547561	95
p431	orfs	spaS3	FALSE	139760	145167	96.3	40079650	40990351	97.8
p431	orfs	spaS65	FALSE	145384	151300	96.1	41967180	42986983	97.6
p431	orfs	spaS66	FALSE	128806	133168	96.7	36417419	37103027	98.2
p431	orfs	spaS70	FALSE	100880	103530	97.4	28362949	28755015	98.6
p431	orfs	spaS77	FALSE	128568	130662	98.4	37308166	37575406	99.3
p431	orfs	spaS78	FALSE	166207	172168	96.5	48413154	49389694	98
p431	orfs	spaS81	FALSE	140372	145298	96.6	41307567	42097557	98.1
p431	orfs	spaS83	FALSE	112666	116533	96.7	31144140	31771256	98
p431	orfs	spaS96	FALSE	102194	105015	97.3	28807360	29236970	98.5
p470	orfs	mh_p470	TRUE	250725	277394	90.4	74043209	79164024	93.5
p470	orfs	spaS120	FALSE	64284	66177	97.1	18849127	19113015	98.6
p470	orfs	spaS13	FALSE	81372	82726	98.4	23817877	23966098	99.4
p470	orfs	spaS14	FALSE	108883	113795	95.7	31695671	32502354	97.5
p470	orfs	spaS143	FALSE	72019	83310	86.4	20682656	23311438	88.7
p470	orfs	spaS151	FALSE	73278	75667	96.8	21677748	22021632	98.4
p470	orfs	spaS17	FALSE	100587	102490	98.1	29974417	30207087	99.2
p470	orfs	spaS21	FALSE	84226	85687	98.3	24715518	24888288	99.3
p470	orfs	spaS230	FALSE	112738	114821	98.2	33929018	34182127	99.3
p470	orfs	spaS234	FALSE	102069	103838	98.3	30126136	30329818	99.3
p470	orfs	spaS38	FALSE	100740	102582	98.2	29910839	30128529	99.3
p470	orfs	spaS45	FALSE	86082	89453	96.2	25194611	25760488	97.8
p470	orfs	spaS56	FALSE	52106	54011	96.5	14424533	14696487	98.1
p470	orfs	spaS60	FALSE	73552	80108	91.8	21606348	23106076	93.5
p470	orfs	spaS64	FALSE	67289	68630	98	19535523	19718806	99.1
p470	orfs	spaS8	FALSE	82699	88038	93.9	24378717	25480299	95.7
p523	orfs	mh_p523	TRUE	365252	435748	83.8	111255696	125781241	88.5
p523	orfs	spaS231	FALSE	217132	222103	97.8	63008429	63603523	99.1
p523	orfs	spaS237	FALSE	153745	158313	97.1	43630384	44226392	98.7
p523	orfs	spaS239	FALSE	122516	125324	97.8	34089393	34418373	99
p523	orfs	spaS245	FALSE	100132	102803	97.4	28445460	28803576	98.8
p523	orfs	spaS32	FALSE	212621	217001	98	62513966	63010522	99.2
p523	orfs	spaS5	FALSE	211617	217635	97.2	63024846	63828886	98.7
p523	orfs	spaS50	FALSE	171342	179405	95.5	49273690	50841401	96.9
p523	orfs	spaS52	FALSE	220760	225844	97.7	64443086	65068287	99
p523	orfs	spaS67	FALSE	137154	143390	95.7	38908462	39974353	97.3
p550	orfs	mh_p550	TRUE	263630	285549	92.3	78068144	81994541	95.2
p550	orfs	spaS254	FALSE	161506	166438	97	48720225	49466232	98.5
p550	orfs	spaS255	FALSE	59521	64462	92.3	17412268	18417991	94.5
p550	orfs	spaS256	FALSE	130513	132853	98.2	40180929	40469274	99.3
p550	orfs	spaS33	FALSE	74906	76599	97.8	21592717	21812483	99
p550	orfs	spaS47	FALSE	75147	77075	97.5	21092705	21333342	98.9
p550	orfs	spaS53	FALSE	105894	129139	82	30171065	35755767	84.4
p550	orfs	spaS58	FALSE	112102	115560	97	31789971	32244719	98.6
p584	orfs	mh_p584	TRUE	237666	261858	90.8	70040374	74705244	93.8
p584	orfs	spaS264	FALSE	118069	120717	97.8	34445140	34812222	98.9
p584	orfs	spaS265	FALSE	28782	29822	96.5	8095253	8249942	98.1
p584	orfs	spaS266	FALSE	132531	158786	83.5	39451761	45759383	86.2
p584	orfs	spaS275	FALSE	133684	137111	97.5	38479116	38968582	98.7
p584	orfs	spaS276	FALSE	131771	133888	98.4	38715451	38973689	99.3
p584	orfs	spaS277	FALSE	153123	156425	97.9	45165501	45578319	99.1
p601	orfs	mh_p601	TRUE	333429	388945	85.7	100538728	112226880	89.6
p601	orfs	spaS108	FALSE	101522	104734	96.9	29828071	30287504	98.5
p601	orfs	spaS116	FALSE	86726	88436	98.1	24754996	24957659	99.2
p601	orfs	spaS124	FALSE	123370	125307	98.5	36431444	36655115	99.4
p601	orfs	spaS131	FALSE	86665	88285	98.2	25057432	25254367	99.2
p601	orfs	spaS140	FALSE	121357	125719	96.5	33997318	34656272	98.1
p601	orfs	spaS144	FALSE	107606	109957	97.9	30571031	30863504	99.1
p601	orfs	spaS159	FALSE	110757	114247	96.9	32775623	33352605	98.3
p601	orfs	spaS161	FALSE	134332	137330	97.8	38968846	39333885	99.1
p601	orfs	spaS164	FALSE	120377	122498	98.3	36163137	36422300	99.3
p601	orfs	spaS168	FALSE	153363	155760	98.5	46042334	46311238	99.4
p601	orfs	spaS178	FALSE	142914	145892	98	42145047	42501347	99.2
p601	orfs	spaS219	FALSE	110513	117834	93.8	32846069	34011013	96.6
p601	orfs	spaS6	FALSE	118817	120942	98.2	34121744	34329560	99.4
p644	orfs	mh_p644	TRUE	261348	300940	86.8	79719711	87836284	90.8
p644	orfs	spaS101	FALSE	57139	58658	97.4	16707484	16927789	98.7
p644	orfs	spaS105	FALSE	83607	85612	97.7	22568029	22776116	99.1
p644	orfs	spaS112	FALSE	65086	66088	98.5	18783814	18898606	99.4
p644	orfs	spaS145	FALSE	123824	128902	96.1	35737258	36648000	97.5
p644	orfs	spaS152	FALSE	118686	120688	98.3	35175195	35403253	99.4
p644	orfs	spaS173	FALSE	155434	162319	95.8	45342109	46380953	97.8
p644	orfs	spaS179	FALSE	129286	138748	93.2	37384321	39350310	95
p644	orfs	spaS182	FALSE	110854	112828	98.3	33127346	33347036	99.3
p644	orfs	spaS246	FALSE	61364	62346	98.4	17214165	17320330	99.4
p644	orfs	spaS80	FALSE	95257	101437	93.9	26883803	28225669	95.2
p644	orfs	spaS84	FALSE	77806	79059	98.4	22064573	22200030	99.4
p644	orfs	spaS86	FALSE	70000	73023	95.9	19722878	20238604	97.5
p644	orfs	spaS87	FALSE	70426	72089	97.7	19605850	19843929	98.8
p644	orfs	spaS94	FALSE	111234	112904	98.5	32723038	32925353	99.4
p654	orfs	spaS278	FALSE	110033	120891	91	33166338	35665605	93
p654	orfs	spaS279	FALSE	104302	117604	88.7	30597853	33940562	90.2
p654	orfs	spaS280	FALSE	105015	116546	90.1	31369052	33864751	92.6
p654	orfs	spaS281	FALSE	110053	116650	94.3	31916628	33218080	96.1
p654	orfs	spaS283	FALSE	96304	99401	96.9	27460806	27937157	98.3
p654	orfs	spaS284	FALSE	124048	143400	86.5	37368528	42073950	88.8
p654	orfs	spaS285	FALSE	98510	127765	77.1	27994294	36255443	77.2
p722	orfs	mh_p722	TRUE	336601	368056	91.5	99597140	105181457	94.7
p722	orfs	spaS132	FALSE	91402	95423	95.8	27422884	28144648	97.4
p722	orfs	spaS136	FALSE	82094	83729	98	24137059	24336667	99.2
p722	orfs	spaS147	FALSE	89370	91409	97.8	26430314	26696641	99
p722	orfs	spaS192	FALSE	132330	137547	96.2	39008049	39724814	98.2
p722	orfs	spaS240	FALSE	111815	121851	91.8	32088951	33662485	95.3
p722	orfs	spaS241	FALSE	87464	89139	98.1	25961720	26172262	99.2
p722	orfs	spaS85	FALSE	120823	127230	95	36584370	37579767	97.4
p722	orfs	spaS92	FALSE	69840	72362	96.5	20460530	20852209	98.1
p728	orfs	mh_p728	TRUE	286567	303608	94.4	84961084	87828059	96.7
p728	orfs	spaS111	FALSE	69895	70990	98.5	20862663	20994021	99.4
p728	orfs	spaS117	FALSE	75037	76124	98.6	22625463	22767729	99.4
p728	orfs	spaS121	FALSE	93156	94344	98.7	28096672	28238984	99.5
p728	orfs	spaS128	FALSE	61696	62663	98.5	17438112	17544641	99.4
p728	orfs	spaS137	FALSE	89834	92019	97.6	26449193	26764292	98.8
p728	orfs	spaS146	FALSE	123572	125011	98.8	37184301	37347186	99.6
p728	orfs	spaS160	FALSE	104890	106515	98.5	31540827	31737503	99.4
p728	orfs	spaS162	FALSE	75196	76317	98.5	23230242	23372445	99.4
p728	orfs	spaS165	FALSE	85499	88974	96.1	25230368	25796075	97.8
p728	orfs	spaS187	FALSE	98460	100704	97.8	29495087	29790334	99
p728	orfs	spaS193	FALSE	103721	107867	96.2	30953056	31511690	98.2
p728	orfs	spaS196	FALSE	124547	140446	88.7	36339271	39413795	92.2
p728	orfs	spaS198	FALSE	97662	101387	96.3	29624065	30156129	98.2
p729	orfs	spaS106	FALSE	36943	40500	91.2	10807331	11509131	93.9
p729	orfs	spaS122	FALSE	111624	124597	89.6	34190334	37258084	91.8
p729	orfs	spaS129	FALSE	53395	56039	95.3	15268918	15697381	97.3
p729	orfs	spaS133	FALSE	91157	95012	95.9	27238691	27951368	97.5
p729	orfs	spaS138	FALSE	109878	118861	92.4	32557896	34342594	94.8
p729	orfs	spaS148	FALSE	109008	122921	88.7	31831831	35203452	90.4
p729	orfs	spaS180	FALSE	129321	134712	96	38365267	39267773	97.7
p729	orfs	spaS183	FALSE	130407	145630	89.5	39395540	42516259	92.7
p729	orfs	spaS216	FALSE	160451	190626	84.2	46683614	53181324	87.8
p729	orfs	spaS221	FALSE	162642	199220	81.6	47871380	55521344	86.2
p729	orfs	spaS247	FALSE	20897	24243	86.2	6021893	6695019	89.9
p789	orfs	mh_p789	TRUE	580793	667264	87	173882521	191000828	91
p789	orfs	spaS286	FALSE	270987	278479	97.3	82623698	83575783	98.9
p789	orfs	spaS287	FALSE	289138	296257	97.6	84120846	84964409	99
p789	orfs	spaS294	FALSE	307817	320946	95.9	90503493	92972338	97.3
p789	orfs	spaS295	FALSE	339055	346293	97.9	98316700	99179794	99.1
p789	orfs	spaS296	FALSE	346276	373652	92.7	101499235	106617009	95.2
p789	orfs	spaS297	FALSE	341083	349344	97.6	99315988	100335418	99
p789	orfs	spaS300	FALSE	209060	219490	95.2	58841054	60367648	97.5
p813	orfs	mh_p813	TRUE	597431	695499	85.9	174692630	194982963	89.6
p813	orfs	spaS11	FALSE	57656	60385	95.5	16025522	16515605	97
p813	orfs	spaS113	FALSE	199712	204145	97.8	57460088	57997069	99.1
p813	orfs	spaS134	FALSE	127933	131011	97.7	35599664	35989199	98.9
p813	orfs	spaS153	FALSE	175293	179048	97.9	50242981	50745434	99
p813	orfs	spaS169	FALSE	224303	229993	97.5	62918651	63630051	98.9
p813	orfs	spaS174	FALSE	205091	209938	97.7	57916463	58504684	99
p813	orfs	spaS18	FALSE	125809	128555	97.9	36922943	37259042	99.1
p813	orfs	spaS188	FALSE	193932	199010	97.4	54395100	55040177	98.8
p813	orfs	spaS194	FALSE	254607	263799	96.5	73320100	74605049	98.3
p813	orfs	spaS224	FALSE	74582	76013	98.1	22167907	22341467	99.2
p813	orfs	spaS227	FALSE	78999	81706	96.7	23332546	23752944	98.2
p813	orfs	spaS235	FALSE	70305	72247	97.3	20192741	20444300	98.8
p813	orfs	spaS24	FALSE	102934	105176	97.9	29689807	29979723	99
p813	orfs	spaS248	FALSE	146664	148812	98.6	42478294	42725072	99.4
p813	orfs	spaS249	FALSE	134875	139294	96.8	37867020	38552602	98.2
p813	orfs	spaS27	FALSE	102052	103355	98.7	30056387	30197558	99.5
p813	orfs	spaS34	FALSE	146317	149195	98.1	43161470	43547117	99.1
p813	orfs	spaS4	FALSE	97187	98694	98.5	27864733	28040915	99.4
p813	orfs	spaS42	FALSE	125880	127777	98.5	36643977	36852136	99.4
p813	orfs	spaS48	FALSE	154866	156694	98.8	46289279	46507516	99.5
p813	orfs	spaS54	FALSE	118281	120159	98.4	34029982	34267946	99.3
p813	orfs	spaS57	FALSE	91800	93180	98.5	27105091	27293451	99.3
p813	orfs	spaS59	FALSE	157075	162755	96.5	45109714	46154169	97.7
p813	orfs	spaS61	FALSE	182675	184954	98.8	53231730	53479604	99.5
p813	orfs	spaS63	FALSE	121721	123441	98.6	35629694	35853546	99.4
p813	orfs	spaS68	FALSE	164123	165929	98.9	49607121	49819524	99.6
p813	orfs	spaS69	FALSE	167658	171643	97.7	49107903	49888212	98.4
p813	orfs	spaS71	FALSE	177906	181117	98.2	50703454	51100509	99.2
p813	orfs	spaS72	FALSE	125139	128196	97.6	36197819	36687706	98.7
p813	orfs	spaS73	FALSE	193292	195879	98.7	57039295	57337675	99.5
p813	orfs	spaS75	FALSE	101011	102352	98.7	29373768	29534442	99.5
p813	orfs	spaS79	FALSE	180206	182862	98.5	52212470	52506216	99.4
p813	orfs	spaS88	FALSE	204093	208736	97.8	59197149	59846229	98.9
p813	orfs	spaS89	FALSE	212401	215715	98.5	62383792	62766339	99.4
p813	orfs	spaS9	FALSE	69292	70836	97.8	20046592	20244077	99
p860	orfs	mh_p860	TRUE	304565	340496	89.4	91798805	98575986	93.1
p860	orfs	spaS163	FALSE	90801	92735	97.9	26858908	27100213	99.1
p860	orfs	spaS166	FALSE	92620	94567	97.9	27547299	27765736	99.2
p860	orfs	spaS170	FALSE	98590	107382	91.8	30239494	32072309	94.3
p860	orfs	spaS175	FALSE	95896	97303	98.6	28902740	29068598	99.4
p860	orfs	spaS195	FALSE	80787	83305	97	23238875	23589911	98.5
p860	orfs	spaS199	FALSE	153842	159876	96.2	46646700	47648087	97.9
p860	orfs	spaS201	FALSE	159643	162513	98.2	48274166	48585707	99.4
p860	orfs	spaS206	FALSE	166815	170583	97.8	49191657	49652504	99.1
p860	orfs	spaS213	FALSE	140762	144032	97.7	42266546	42659368	99.1
p860	orfs	spaS217	FALSE	124331	135707	91.6	36903353	39289896	93.9
p860	orfs	spaS220	FALSE	149453	153430	97.4	45087749	45656950	98.8
p894	orfs	mh_p894	TRUE	283818	326022	87.1	85458142	93655769	91.2
p894	orfs	spaS139	FALSE	140129	146859	95.4	39276179	40223092	97.6
p894	orfs	spaS157	FALSE	102620	105562	97.2	29666111	30042713	98.7
p894	orfs	spaS176	FALSE	119969	123837	96.9	34651795	35165223	98.5
p894	orfs	spaS197	FALSE	125688	130842	96.1	36535737	37239872	98.1
p894	orfs	spaS95	FALSE	87400	92063	94.9	25902612	26590584	97.4
p97	orfs	mh_p97	TRUE	231321	256700	90.1	70812252	75628566	93.6
p97	orfs	spaS25	FALSE	110866	114905	96.5	33638164	34319371	98
p97	orfs	spaS250	FALSE	136357	139598	97.7	42030446	42556439	98.8
p97	orfs	spaS251	FALSE	159908	162780	98.2	48145403	48479010	99.3
p97	orfs	spaS252	FALSE	151480	154031	98.3	45747199	46051849	99.3
p97	orfs	spaS253	FALSE	138603	140419	98.7	42142194	42343830	99.5
p97	orfs	spaS29	FALSE	131429	133750	98.3	39233792	39498843	99.3
p97	orfs	spaS35	FALSE	109610	111635	98.2	32199004	32427192	99.3
p97	orfs	spaS43	FALSE	71387	72479	98.5	20675457	20806460	99.4
